run_id,subject,task,n_classes,mean_accuracy,std_accuracy,chance_level,f1_macro,perm_pvalue,n_train,n_test,timestamp,file
phase3_test_MM05,MM05,11-class,11.0,0.13333333333333333,0.030903148567228998,0.09090909090909091,0.1383965984671314,,660.0,165.0,2026-04-28T02:33:06,outputs/results/phase3_test_MM05/MM05_11-class.json
phase3_test_MM05,MM05,nasal_v_nonnasal,2.0,0.6484848484848484,0.030903148567229005,0.5,0.5042478242851223,,660.0,165.0,2026-04-28T02:33:10,outputs/results/phase3_test_MM05/MM05_nasal_v_nonnasal.json
phase3_test_MM05,MM05,bilabial_v_nonbilabial,2.0,0.6363636363636364,0.019165319152535616,0.5,0.41846804511278196,,660.0,165.0,2026-04-28T02:33:12,outputs/results/phase3_test_MM05/MM05_bilabial_v_nonbilabial.json
phase3_test_MM05,MM05,vowel_v_consonant,2.0,0.8181818181818181,1.1102230246251565e-16,0.5,0.45,,660.0,165.0,2026-04-28T02:33:08,outputs/results/phase3_test_MM05/MM05_vowel_v_consonant.json
phase3_batch_20260428_024033,MM05,11-class,11.0,0.13333333333333333,0.030903148567228998,0.09090909090909091,0.1383965984671314,,660.0,165.0,2026-04-28T02:40:35,outputs/results/phase3_batch_20260428_024033/MM05_11-class.json
phase3_batch_20260428_024033,MM05,nasal_v_nonnasal,2.0,0.6060606060606061,0.06356417261637284,0.5,0.5505217719290894,,660.0,165.0,2026-04-28T02:40:37,outputs/results/phase3_batch_20260428_024033/MM05_nasal_v_nonnasal.json
phase3_batch_20260428_024033,,,,,,,,,,,,outputs/results/phase3_batch_20260428_024033/_batch_summary.json
phase3_batch_20260428_024033,MM05,bilabial_v_nonbilabial,2.0,0.5636363636363637,0.08265564664839915,0.5,0.5497271073377805,,660.0,165.0,2026-04-28T02:40:38,outputs/results/phase3_batch_20260428_024033/MM05_bilabial_v_nonbilabial.json
phase3_batch_20260428_024033,MM05,vowel_v_consonant,2.0,0.6606060606060608,0.08865902326259269,0.5,0.578005115089514,,660.0,165.0,2026-04-28T02:40:36,outputs/results/phase3_batch_20260428_024033/MM05_vowel_v_consonant.json
phase3_batch_20260428_121359,P02,bilabial_v_nonbilabial,2.0,0.6090909090909091,0.04673619255154272,0.5,0.5829530035771555,,644.0,161.0,2026-04-28T14:12:28,outputs/results/phase3_batch_20260428_121359/P02_bilabial_v_nonbilabial.json
phase3_batch_20260428_121359,MM10,vowel_v_consonant,2.0,0.6705627705627706,0.07550855795814769,0.5,0.5191176470588235,,436.0,109.0,2026-04-28T12:43:20,outputs/results/phase3_batch_20260428_121359/MM10_vowel_v_consonant.json
phase3_batch_20260428_121359,MM20,bilabial_v_nonbilabial,2.0,0.5691666666666666,0.12924997313560865,0.5,0.5466547725245317,,308.0,77.0,2026-04-28T13:51:08,outputs/results/phase3_batch_20260428_121359/MM20_bilabial_v_nonbilabial.json
phase3_batch_20260428_121359,MM21,vowel_v_consonant,2.0,0.6743589743589744,0.06927003447256652,0.5,0.5517649846008055,,528.0,132.0,2026-04-28T14:01:53,outputs/results/phase3_batch_20260428_121359/MM21_vowel_v_consonant.json
phase3_batch_20260428_121359,MM09,bilabial_v_nonbilabial,2.0,0.639,0.033888706739036885,0.5,0.6248252725747834,,488.0,122.0,2026-04-28T12:35:49,outputs/results/phase3_batch_20260428_121359/MM09_bilabial_v_nonbilabial.json
phase3_batch_20260428_121359,MM08,7-class,7.0,0.19047619047619047,0.18868202624913286,0.14285714285714285,0.1704184704184704,,128.0,32.0,2026-04-28T12:23:09,outputs/results/phase3_batch_20260428_121359/MM08_7-class.json
phase3_batch_20260428_121359,P02,11-class,11.0,0.16761363636363638,0.036997319536590245,0.09090909090909091,0.15291946965104788,,644.0,161.0,2026-04-28T14:12:24,outputs/results/phase3_batch_20260428_121359/P02_11-class.json
phase3_batch_20260428_121359,P02,vowel_v_consonant,2.0,0.6465909090909091,0.06859721942175714,0.5,0.5634365634365635,,644.0,161.0,2026-04-28T14:12:26,outputs/results/phase3_batch_20260428_121359/P02_vowel_v_consonant.json
phase3_batch_20260428_121359,MM15,nasal_v_nonnasal,2.0,0.5853801169590642,0.0800635840473676,0.5,0.5798076923076922,,368.0,92.0,2026-04-28T13:17:33,outputs/results/phase3_batch_20260428_121359/MM15_nasal_v_nonnasal.json
phase3_batch_20260428_121359,MM14,vowel_v_consonant,2.0,0.6415954415954415,0.15422186896483242,0.5,0.538907469342252,,528.0,132.0,2026-04-28T13:09:10,outputs/results/phase3_batch_20260428_121359/MM14_vowel_v_consonant.json
phase3_batch_20260428_121359,MM09,nasal_v_nonnasal,2.0,0.6399999999999999,0.062003584125794244,0.5,0.5024100852799407,,488.0,122.0,2026-04-28T12:35:48,outputs/results/phase3_batch_20260428_121359/MM09_nasal_v_nonnasal.json
phase3_batch_20260428_121359,MM15,bilabial_v_nonbilabial,2.0,0.5350877192982455,0.11123415778349025,0.5,0.5117857583611007,,368.0,92.0,2026-04-28T13:17:34,outputs/results/phase3_batch_20260428_121359/MM15_bilabial_v_nonbilabial.json
phase3_batch_20260428_121359,MM19,vowel_v_consonant,2.0,0.8019047619047619,0.08375268635485866,0.5,0.6286764705882353,,404.0,101.0,2026-04-28T13:43:37,outputs/results/phase3_batch_20260428_121359/MM19_vowel_v_consonant.json
phase3_batch_20260428_121359,MM21,11-class,11.0,0.12022792022792021,0.05834963716097049,0.09090909090909091,0.11630512694402363,,528.0,132.0,2026-04-28T14:01:52,outputs/results/phase3_batch_20260428_121359/MM21_11-class.json
phase3_batch_20260428_121359,MM18,11-class,11.0,0.12222222222222223,0.06478835438717,0.09090909090909091,0.09894234553325462,,360.0,90.0,2026-04-28T13:32:54,outputs/results/phase3_batch_20260428_121359/MM18_11-class.json
phase3_batch_20260428_121359,MM10,bilabial_v_nonbilabial,2.0,0.7904761904761906,0.08346562838890793,0.5,0.7268170426065163,,436.0,109.0,2026-04-28T12:43:21,outputs/results/phase3_batch_20260428_121359/MM10_bilabial_v_nonbilabial.json
phase3_batch_20260428_121359,MM12,11-class,11.0,0.24,0.04898979485566356,0.09090909090909091,0.17801390528663255,,200.0,50.0,2026-04-28T12:59:38,outputs/results/phase3_batch_20260428_121359/MM12_11-class.json
phase3_batch_20260428_121359,MM05,11-class,11.0,0.13333333333333333,0.030903148567228998,0.09090909090909091,0.1383965984671314,,660.0,165.0,2026-04-28T12:14:05,outputs/results/phase3_batch_20260428_121359/MM05_11-class.json
phase3_batch_20260428_121359,MM18,vowel_v_consonant,2.0,0.6555555555555556,0.1077262190536962,0.5,0.5104404281452887,,360.0,90.0,2026-04-28T13:32:55,outputs/results/phase3_batch_20260428_121359/MM18_vowel_v_consonant.json
phase3_batch_20260428_121359,MM12,vowel_v_consonant,2.0,0.7,0.10954451150103323,0.5,0.6493688639551192,,200.0,50.0,2026-04-28T12:59:38,outputs/results/phase3_batch_20260428_121359/MM12_vowel_v_consonant.json
phase3_batch_20260428_121359,MM11,nasal_v_nonnasal,2.0,0.6188034188034188,0.06052102894735205,0.5,0.5722309299895507,,524.0,131.0,2026-04-28T12:52:58,outputs/results/phase3_batch_20260428_121359/MM11_nasal_v_nonnasal.json
phase3_batch_20260428_121359,MM16,11-class,11.0,0.08814229249011858,0.048756186387697305,0.09090909090909091,0.088465194206821,,452.0,113.0,2026-04-28T13:25:26,outputs/results/phase3_batch_20260428_121359/MM16_11-class.json
phase3_batch_20260428_121359,MM19,nasal_v_nonnasal,2.0,0.5842857142857143,0.08010197582214963,0.5,0.5771531100478469,,404.0,101.0,2026-04-28T13:43:38,outputs/results/phase3_batch_20260428_121359/MM19_nasal_v_nonnasal.json
phase3_batch_20260428_121359,MM21,bilabial_v_nonbilabial,2.0,0.4849002849002849,0.014318896721514596,0.5,0.44345238095238093,,528.0,132.0,2026-04-28T14:01:55,outputs/results/phase3_batch_20260428_121359/MM21_bilabial_v_nonbilabial.json
phase3_batch_20260428_121359,MM15,vowel_v_consonant,2.0,0.8578947368421053,0.07644060058908056,0.5,0.7178579853739089,,368.0,92.0,2026-04-28T13:17:32,outputs/results/phase3_batch_20260428_121359/MM15_vowel_v_consonant.json
phase3_batch_20260428_121359,MM05,nasal_v_nonnasal,2.0,0.6060606060606061,0.06356417261637284,0.5,0.5505217719290894,,660.0,165.0,2026-04-28T12:14:10,outputs/results/phase3_batch_20260428_121359/MM05_nasal_v_nonnasal.json
phase3_batch_20260428_121359,P02,nasal_v_nonnasal,2.0,0.5960227272727272,0.036531925921996604,0.5,0.5407066052227343,,644.0,161.0,2026-04-28T14:12:27,outputs/results/phase3_batch_20260428_121359/P02_nasal_v_nonnasal.json
phase3_batch_20260428_121359,MM16,vowel_v_consonant,2.0,0.559288537549407,0.10786966073306362,0.5,0.4649621212121212,,452.0,113.0,2026-04-28T13:25:27,outputs/results/phase3_batch_20260428_121359/MM16_vowel_v_consonant.json
phase3_batch_20260428_121359,MM11,bilabial_v_nonbilabial,2.0,0.5646723646723647,0.07228049931064352,0.5,0.5470427661510464,,524.0,131.0,2026-04-28T12:52:59,outputs/results/phase3_batch_20260428_121359/MM11_bilabial_v_nonbilabial.json
phase3_batch_20260428_121359,MM20,vowel_v_consonant,2.0,0.7283333333333333,0.04128155358833613,0.5,0.5284339457567804,,308.0,77.0,2026-04-28T13:51:07,outputs/results/phase3_batch_20260428_121359/MM20_vowel_v_consonant.json
phase3_batch_20260428_121359,MM11,11-class,11.0,0.18347578347578347,0.06673846184008232,0.09090909090909091,0.1397525855232798,,524.0,131.0,2026-04-28T12:52:56,outputs/results/phase3_batch_20260428_121359/MM11_11-class.json
phase3_batch_20260428_121359,MM21,nasal_v_nonnasal,2.0,0.5301994301994302,0.03094022340795055,0.5,0.4878598247809762,,528.0,132.0,2026-04-28T14:01:54,outputs/results/phase3_batch_20260428_121359/MM21_nasal_v_nonnasal.json
phase3_batch_20260428_121359,MM14,bilabial_v_nonbilabial,2.0,0.6592592592592592,0.06687818006209101,0.5,0.6363636363636364,,528.0,132.0,2026-04-28T13:09:12,outputs/results/phase3_batch_20260428_121359/MM14_bilabial_v_nonbilabial.json
phase3_batch_20260428_121359,MM11,vowel_v_consonant,2.0,0.6031339031339031,0.037856376619653784,0.5,0.5444087747458534,,524.0,131.0,2026-04-28T12:52:57,outputs/results/phase3_batch_20260428_121359/MM11_vowel_v_consonant.json
phase3_batch_20260428_121359,MM15,11-class,11.0,0.21695906432748538,0.09399391027674008,0.09090909090909091,0.2437772031889679,,368.0,92.0,2026-04-28T13:17:30,outputs/results/phase3_batch_20260428_121359/MM15_11-class.json
phase3_batch_20260428_121359,MM09,vowel_v_consonant,2.0,0.5583333333333333,0.05791756594026069,0.5,0.5246753246753246,,488.0,122.0,2026-04-28T12:35:47,outputs/results/phase3_batch_20260428_121359/MM09_vowel_v_consonant.json
phase3_batch_20260428_121359,MM14,nasal_v_nonnasal,2.0,0.6216524216524216,0.09617062215161075,0.5,0.582912032355915,,528.0,132.0,2026-04-28T13:09:11,outputs/results/phase3_batch_20260428_121359/MM14_nasal_v_nonnasal.json
phase3_batch_20260428_121359,MM14,11-class,11.0,0.1811965811965812,0.06251857460531576,0.09090909090909091,0.15396362401709995,,528.0,132.0,2026-04-28T13:09:09,outputs/results/phase3_batch_20260428_121359/MM14_11-class.json
phase3_batch_20260428_121359,MM10,11-class,11.0,0.2294372294372294,0.04998078752336486,0.09090909090909091,0.22545289924969072,,436.0,109.0,2026-04-28T12:43:19,outputs/results/phase3_batch_20260428_121359/MM10_11-class.json
phase3_batch_20260428_121359,MM12,bilabial_v_nonbilabial,2.0,0.62,0.17204650534085253,0.5,0.6124031007751938,,200.0,50.0,2026-04-28T12:59:39,outputs/results/phase3_batch_20260428_121359/MM12_bilabial_v_nonbilabial.json
phase3_batch_20260428_121359,MM16,nasal_v_nonnasal,2.0,0.4790513833992095,0.12262905568167788,0.5,0.44868932440254694,,452.0,113.0,2026-04-28T13:25:28,outputs/results/phase3_batch_20260428_121359/MM16_nasal_v_nonnasal.json
phase3_batch_20260428_121359,MM18,bilabial_v_nonbilabial,2.0,0.6777777777777778,0.06478835438717,0.5,0.6685714285714286,,360.0,90.0,2026-04-28T13:32:56,outputs/results/phase3_batch_20260428_121359/MM18_bilabial_v_nonbilabial.json
phase3_batch_20260428_121359,MM05,bilabial_v_nonbilabial,2.0,0.5636363636363637,0.08265564664839915,0.5,0.5497271073377805,,660.0,165.0,2026-04-28T12:14:10,outputs/results/phase3_batch_20260428_121359/MM05_bilabial_v_nonbilabial.json
phase3_batch_20260428_121359,MM18,nasal_v_nonnasal,2.0,0.5555555555555556,0.07856742013183862,0.5,0.5,,360.0,90.0,2026-04-28T13:32:55,outputs/results/phase3_batch_20260428_121359/MM18_nasal_v_nonnasal.json
phase3_batch_20260428_121359,MM19,11-class,11.0,0.23809523809523808,0.07461161721901141,0.09090909090909091,0.20974694067854777,,404.0,101.0,2026-04-28T13:43:36,outputs/results/phase3_batch_20260428_121359/MM19_11-class.json
phase3_batch_20260428_121359,MM20,11-class,11.0,0.11749999999999998,0.05044248650140519,0.09090909090909091,0.10521518307192386,,308.0,77.0,2026-04-28T13:51:06,outputs/results/phase3_batch_20260428_121359/MM20_11-class.json
phase3_batch_20260428_121359,MM16,bilabial_v_nonbilabial,2.0,0.5841897233201581,0.03329555682000427,0.5,0.5478075776926352,,452.0,113.0,2026-04-28T13:25:29,outputs/results/phase3_batch_20260428_121359/MM16_bilabial_v_nonbilabial.json
phase3_batch_20260428_121359,MM10,nasal_v_nonnasal,2.0,0.7982683982683982,0.07350899194709713,0.5,0.7718797564687976,,436.0,109.0,2026-04-28T12:43:21,outputs/results/phase3_batch_20260428_121359/MM10_nasal_v_nonnasal.json
phase3_batch_20260428_121359,MM19,bilabial_v_nonbilabial,2.0,0.6128571428571428,0.08334829797608469,0.5,0.5764971508439952,,404.0,101.0,2026-04-28T13:43:39,outputs/results/phase3_batch_20260428_121359/MM19_bilabial_v_nonbilabial.json
phase3_batch_20260428_121359,MM05,vowel_v_consonant,2.0,0.6606060606060608,0.08865902326259269,0.5,0.578005115089514,,660.0,165.0,2026-04-28T12:14:09,outputs/results/phase3_batch_20260428_121359/MM05_vowel_v_consonant.json
phase3_batch_20260428_121359,MM09,11-class,11.0,0.21300000000000002,0.07958503488582373,0.09090909090909091,0.1754590999661945,,488.0,122.0,2026-04-28T12:35:47,outputs/results/phase3_batch_20260428_121359/MM09_11-class.json
phase3_batch_20260428_121359,MM20,nasal_v_nonnasal,2.0,0.48083333333333333,0.032871804872193364,0.5,0.46969696969696967,,308.0,77.0,2026-04-28T13:51:08,outputs/results/phase3_batch_20260428_121359/MM20_nasal_v_nonnasal.json
phase3_batch_20260428_121359,MM12,nasal_v_nonnasal,2.0,0.78,0.09797958971132714,0.5,0.7066666666666668,,200.0,50.0,2026-04-28T12:59:38,outputs/results/phase3_batch_20260428_121359/MM12_nasal_v_nonnasal.json
